{"cameraMode":{"drawMode":0,"name":"Shaded","section":"Shading Mode"},"sceneLighting":true,"audioPlay":false,"sceneViewState":{"m_AlwaysRefresh":false,"showFog":true,"showSkybox":true,"showFlares":true,"showImageEffects":true,"showParticleSystems":true,"showVisualEffectGraphs":true,"m_FxEnabled":true},"in2DMode":false,"pivot":{"x":348.87506103515627,"y":287.9461669921875,"z":128.44174194335938},"rotation":{"x":-0.14138424396514893,"y":-0.18096700310707093,"z":0.02629808709025383,"w":-0.9729182124137878},"size":626.9471435546875,"orthographic":false}