{"cameraMode":{"drawMode":0,"name":"Shaded","section":"Shading Mode"},"sceneLighting":true,"audioPlay":false,"sceneViewState":{"m_AlwaysRefresh":false,"showFog":true,"showSkybox":true,"showFlares":true,"showImageEffects":true,"showParticleSystems":true,"showVisualEffectGraphs":true,"m_FxEnabled":true},"in2DMode":false,"pivot":{"x":551.4144897460938,"y":167.9119415283203,"z":279.50445556640627},"rotation":{"x":-0.09597548097372055,"y":0.061769384890794757,"z":-0.005967499688267708,"w":-0.9934480786323547},"size":387.4497375488281,"orthographic":false}